presbytery,for,against,item
Arizona,2.0,33.0,Item 1
Ascension,28.0,7.0,Item 1
Blue Ridge,,,Item 1
Calvary,,,Item 1
Canada West,22.0,7.0,Item 1
Catawba Valley,,,Item 1
Central Carolina,41.0,11.0,Item 1
Central Florida,42.0,48.0,Item 1
Central Georgia,,,Item 1
Central Indiana,,,Item 1
Chesapeake,31.0,36.0,Item 1
Chicago Metro,18.0,26.0,Item 1
Columbus Metro,,,Item 1
Covenant,52.0,37.0,Item 1
Eastern Canada,,,Item 1
Eastern Carolina,,,Item 1
Eastern Pennsylvania,12.0,15.0,Item 1
Evangel,,,Item 1
Fellowship,,,Item 1
Georgia Foothills,,,Item 1
Grace,43.0,7.0,Item 1
Great Lakes,45.0,9.0,Item 1
Gulf Coast,35.0,2.0,Item 1
Gulfstream,26.0,11.0,Item 1
Heartland,21.0,4.0,Item 1
Heritage,,,Item 1
Highlands,41.0,18.0,Item 1
Hills and Plains,24.0,21.0,Item 1
Houston Metro,34.0,16.0,Item 1
Illiana,16.0,0.0,Item 1
Iowa,,,Item 1
James River,55.0,22.0,Item 1
Korean Capital,,,Item 1
Korean Central,,,Item 1
Korean Eastern,,,Item 1
Korean Northeastern,,,Item 1
Korean Northwest,,,Item 1
Korean Southeastern,27.0,3.0,Item 1
Korean Southern,,,Item 1
Korean Southwest,,,Item 1
Korean Southwest OC,,,Item 1
Lowcountry Presbytery,1.0,0.0,Item 1
Metro Atlanta,,,Item 1
Metropolitan New York,1.0,31.0,Item 1
Mississippi Valley,77.0,4.0,Item 1
Missouri,,,Item 1
Nashville,16.0,52.0,Item 1
New Jersey,1.0,0.0,Item 1
New River,1.0,0.0,Item 1
New York State,,,Item 1
North Florida,,,Item 1
North Texas,,,Item 1
Northern California,,,Item 1
Northern Illinois,11.0,15.0,Item 1
Northern New England,0.0,1.0,Item 1
Northwest Georgia,34.0,8.0,Item 1
Ohio,11.0,7.0,Item 1
Ohio Valley,,,Item 1
Pacific,,,Item 1
Pacific Northwest,21.0,37.0,Item 1
Palmetto,41.0,37.0,Item 1
Pee Dee,35.0,0.0,Item 1
Philadelphia,,,Item 1
Philadelphia Metro West,,,Item 1
Piedmont Triad,18.0,22.0,Item 1
Pittsburgh,,,Item 1
Platte Valley,5.0,17.0,Item 1
Potomac,,,Item 1
Providence,37.0,13.0,Item 1
Rio Grande,,,Item 1
Rocky Mountain,,,Item 1
Savannah River,39.0,1.0,Item 1
Siouxlands,,,Item 1
South Coast,,,Item 1
South Florida,,,Item 1
South Texas,23.0,29.0,Item 1
Southeast Alabama,42.0,2.0,Item 1
Southern Louisiana,10.0,13.0,Item 1
Southern New England,,,Item 1
Southwest Florida,51.0,14.0,Item 1
Suncoast Florida,,,Item 1
Susquehanna Valley,45.0,12.0,Item 1
Tennessee Valley,39.0,54.0,Item 1
Tidewater,,,Item 1
Warrior,,,Item 1
West Hudson,13.0,13.0,Item 1
Westminster,26.0,2.0,Item 1
Wisconsin,,,Item 1
Arizona,31.0,0.0,Item 2
Ascension,33.0,0.0,Item 2
Blue Ridge,,,Item 2
Calvary,,,Item 2
Canada West,26.0,0.0,Item 2
Catawba Valley,,,Item 2
Central Carolina,51.0,0.0,Item 2
Central Florida,61.0,0.0,Item 2
Central Georgia,,,Item 2
Central Indiana,,,Item 2
Chesapeake,,,Item 2
Chicago Metro,37.0,0.0,Item 2
Columbus Metro,,,Item 2
Covenant,76.0,4.0,Item 2
Eastern Canada,,,Item 2
Eastern Carolina,,,Item 2
Eastern Pennsylvania,27.0,0.0,Item 2
Evangel,,,Item 2
Fellowship,,,Item 2
Georgia Foothills,,,Item 2
Grace,47.0,0.0,Item 2
Great Lakes,46.0,1.0,Item 2
Gulf Coast,37.0,0.0,Item 2
Gulfstream,35.0,0.0,Item 2
Heartland,25.0,0.0,Item 2
Heritage,,,Item 2
Highlands,58.0,0.0,Item 2
Hills and Plains,41.0,0.0,Item 2
Houston Metro,50.0,0.0,Item 2
Illiana,16.0,0.0,Item 2
Iowa,,,Item 2
James River,79.0,0.0,Item 2
Korean Capital,,,Item 2
Korean Central,,,Item 2
Korean Eastern,,,Item 2
Korean Northeastern,,,Item 2
Korean Northwest,,,Item 2
Korean Southeastern,,,Item 2
Korean Southern,,,Item 2
Korean Southwest,,,Item 2
Korean Southwest OC,,,Item 2
Lowcountry Presbytery,20.0,14.0,Item 2
Metro Atlanta,,,Item 2
Metropolitan New York,32.0,0.0,Item 2
Mississippi Valley,83.0,0.0,Item 2
Missouri,,,Item 2
Nashville,72.0,0.0,Item 2
New Jersey,21.0,0.0,Item 2
New River,1.0,0.0,Item 2
New York State,,,Item 2
North Florida,29.0,0.0,Item 2
North Texas,,,Item 2
Northern California,,,Item 2
Northern Illinois,30.0,0.0,Item 2
Northern New England,,,Item 2
Northwest Georgia,44.0,0.0,Item 2
Ohio,12.0,2.0,Item 2
Ohio Valley,,,Item 2
Pacific,,,Item 2
Pacific Northwest,46.0,0.0,Item 2
Palmetto,76.0,0.0,Item 2
Pee Dee,40.0,0.0,Item 2
Philadelphia,,,Item 2
Philadelphia Metro West,,,Item 2
Piedmont Triad,38.0,0.0,Item 2
Pittsburgh,,,Item 2
Platte Valley,7.0,10.0,Item 2
Potomac,46.0,1.0,Item 2
Providence,51.0,0.0,Item 2
Rio Grande,,,Item 2
Rocky Mountain,,,Item 2
Savannah River,39.0,1.0,Item 2
Siouxlands,,,Item 2
South Coast,,,Item 2
South Florida,,,Item 2
South Texas,50.0,1.0,Item 2
Southeast Alabama,42.0,0.0,Item 2
Southern Louisiana,19.0,0.0,Item 2
Southern New England,,,Item 2
Southwest Florida,52.0,9.0,Item 2
Suncoast Florida,,,Item 2
Susquehanna Valley,30.0,3.0,Item 2
Tennessee Valley,1.0,0.0,Item 2
Tidewater,,,Item 2
Warrior,,,Item 2
West Hudson,1.0,0.0,Item 2
Westminster,28.0,0.0,Item 2
Wisconsin,17.0,7.0,Item 2
Arizona,8.0,19.0,Item 3
Ascension,34.0,1.0,Item 3
Blue Ridge,,,Item 3
Calvary,,,Item 3
Canada West,25.0,0.0,Item 3
Catawba Valley,,,Item 3
Central Carolina,51.0,0.0,Item 3
Central Florida,60.0,1.0,Item 3
Central Georgia,,,Item 3
Central Indiana,,,Item 3
Chesapeake,,,Item 3
Chicago Metro,42.0,0.0,Item 3
Columbus Metro,,,Item 3
Covenant,1.0,77.0,Item 3
Eastern Canada,,,Item 3
Eastern Carolina,,,Item 3
Eastern Pennsylvania,24.0,0.0,Item 3
Evangel,,,Item 3
Fellowship,,,Item 3
Georgia Foothills,,,Item 3
Grace,28.0,13.0,Item 3
Great Lakes,46.0,1.0,Item 3
Gulf Coast,37.0,0.0,Item 3
Gulfstream,35.0,0.0,Item 3
Heartland,25.0,0.0,Item 3
Heritage,,,Item 3
Highlands,28.0,27.0,Item 3
Hills and Plains,,,Item 3
Houston Metro,50.0,0.0,Item 3
Illiana,15.0,0.0,Item 3
Iowa,,,Item 3
James River,77.0,0.0,Item 3
Korean Capital,,,Item 3
Korean Central,,,Item 3
Korean Eastern,,,Item 3
Korean Northeastern,,,Item 3
Korean Northwest,,,Item 3
Korean Southeastern,,,Item 3
Korean Southern,,,Item 3
Korean Southwest,,,Item 3
Korean Southwest OC,,,Item 3
Lowcountry Presbytery,34.0,0.0,Item 3
Metro Atlanta,,,Item 3
Metropolitan New York,32.0,0.0,Item 3
Mississippi Valley,83.0,0.0,Item 3
Missouri,,,Item 3
Nashville,,,Item 3
New Jersey,0.0,14.0,Item 3
New River,1.0,0.0,Item 3
New York State,,,Item 3
North Florida,,,Item 3
North Texas,,,Item 3
Northern California,,,Item 3
Northern Illinois,30.0,0.0,Item 3
Northern New England,,,Item 3
Northwest Georgia,6.0,31.0,Item 3
Ohio,14.0,2.0,Item 3
Ohio Valley,,,Item 3
Pacific,,,Item 3
Pacific Northwest,46.0,0.0,Item 3
Palmetto,76.0,1.0,Item 3
Pee Dee,13.0,25.0,Item 3
Philadelphia,,,Item 3
Philadelphia Metro West,,,Item 3
Piedmont Triad,38.0,0.0,Item 3
Pittsburgh,,,Item 3
Platte Valley,20.0,0.0,Item 3
Potomac,,,Item 3
Providence,51.0,0.0,Item 3
Rio Grande,,,Item 3
Rocky Mountain,,,Item 3
Savannah River,5.0,30.0,Item 3
Siouxlands,,,Item 3
South Coast,,,Item 3
South Florida,,,Item 3
South Texas,50.0,1.0,Item 3
Southeast Alabama,42.0,0.0,Item 3
Southern Louisiana,11.0,3.0,Item 3
Southern New England,,,Item 3
Southwest Florida,0.0,58.0,Item 3
Suncoast Florida,,,Item 3
Susquehanna Valley,34.0,6.0,Item 3
Tennessee Valley,1.0,0.0,Item 3
Tidewater,,,Item 3
Warrior,,,Item 3
West Hudson,1.0,0.0,Item 3
Westminster,7.0,19.0,Item 3
Wisconsin,31.0,1.0,Item 3
Arizona,31.0,0.0,Item 4
Ascension,32.0,1.0,Item 4
Blue Ridge,,,Item 4
Calvary,,,Item 4
Canada West,28.0,0.0,Item 4
Catawba Valley,,,Item 4
Central Carolina,50.0,0.0,Item 4
Central Florida,90.0,0.0,Item 4
Central Georgia,,,Item 4
Central Indiana,,,Item 4
Chesapeake,69.0,0.0,Item 4
Chicago Metro,41.0,1.0,Item 4
Columbus Metro,,,Item 4
Covenant,85.0,1.0,Item 4
Eastern Canada,35.0,0.0,Item 4
Eastern Carolina,,,Item 4
Eastern Pennsylvania,27.0,0.0,Item 4
Evangel,,,Item 4
Fellowship,,,Item 4
Georgia Foothills,,,Item 4
Grace,41.0,0.0,Item 4
Great Lakes,46.0,1.0,Item 4
Gulf Coast,36.0,1.0,Item 4
Gulfstream,35.0,0.0,Item 4
Heartland,25.0,0.0,Item 4
Heritage,,,Item 4
Highlands,54.0,4.0,Item 4
Hills and Plains,39.0,1.0,Item 4
Houston Metro,38.0,12.0,Item 4
Illiana,16.0,0.0,Item 4
Iowa,,,Item 4
James River,80.0,0.0,Item 4
Korean Capital,,,Item 4
Korean Central,,,Item 4
Korean Eastern,,,Item 4
Korean Northeastern,,,Item 4
Korean Northwest,,,Item 4
Korean Southeastern,32.0,0.0,Item 4
Korean Southern,,,Item 4
Korean Southwest,,,Item 4
Korean Southwest OC,,,Item 4
Lowcountry Presbytery,34.0,0.0,Item 4
Metro Atlanta,,,Item 4
Metropolitan New York,9.0,23.0,Item 4
Mississippi Valley,85.0,0.0,Item 4
Missouri,,,Item 4
Nashville,71.0,1.0,Item 4
New Jersey,21.0,0.0,Item 4
New River,1.0,0.0,Item 4
New York State,,,Item 4
North Florida,,,Item 4
North Texas,,,Item 4
Northern California,,,Item 4
Northern Illinois,29.0,0.0,Item 4
Northern New England,,,Item 4
Northwest Georgia,42.0,0.0,Item 4
Ohio,18.0,0.0,Item 4
Ohio Valley,,,Item 4
Pacific,,,Item 4
Pacific Northwest,52.0,3.0,Item 4
Palmetto,69.0,1.0,Item 4
Pee Dee,39.0,0.0,Item 4
Philadelphia,,,Item 4
Philadelphia Metro West,,,Item 4
Piedmont Triad,22.0,15.0,Item 4
Pittsburgh,,,Item 4
Platte Valley,22.0,0.0,Item 4
Potomac,,,Item 4
Providence,51.0,0.0,Item 4
Rio Grande,,,Item 4
Rocky Mountain,,,Item 4
Savannah River,37.0,1.0,Item 4
Siouxlands,,,Item 4
South Coast,,,Item 4
South Florida,,,Item 4
South Texas,51.0,0.0,Item 4
Southeast Alabama,42.0,0.0,Item 4
Southern Louisiana,21.0,0.0,Item 4
Southern New England,,,Item 4
Southwest Florida,61.0,0.0,Item 4
Suncoast Florida,,,Item 4
Susquehanna Valley,52.0,3.0,Item 4
Tennessee Valley,67.0,22.0,Item 4
Tidewater,,,Item 4
Warrior,,,Item 4
West Hudson,24.0,1.0,Item 4
Westminster,29.0,0.0,Item 4
Wisconsin,18.0,8.0,Item 4
Arizona,31.0,0.0,Item 5
Ascension,33.0,1.0,Item 5
Blue Ridge,,,Item 5
Calvary,,,Item 5
Canada West,24.0,0.0,Item 5
Catawba Valley,,,Item 5
Central Carolina,52.0,0.0,Item 5
Central Florida,1.0,0.0,Item 5
Central Georgia,,,Item 5
Central Indiana,,,Item 5
Chesapeake,71.0,0.0,Item 5
Chicago Metro,21.0,20.0,Item 5
Columbus Metro,,,Item 5
Covenant,76.0,3.0,Item 5
Eastern Canada,26.0,5.0,Item 5
Eastern Carolina,,,Item 5
Eastern Pennsylvania,27.0,0.0,Item 5
Evangel,,,Item 5
Fellowship,,,Item 5
Georgia Foothills,,,Item 5
Grace,43.0,0.0,Item 5
Great Lakes,46.0,1.0,Item 5
Gulf Coast,37.0,1.0,Item 5
Gulfstream,35.0,0.0,Item 5
Heartland,25.0,0.0,Item 5
Heritage,,,Item 5
Highlands,51.0,6.0,Item 5
Hills and Plains,34.0,3.0,Item 5
Houston Metro,50.0,0.0,Item 5
Illiana,16.0,0.0,Item 5
Iowa,,,Item 5
James River,80.0,0.0,Item 5
Korean Capital,,,Item 5
Korean Central,,,Item 5
Korean Eastern,,,Item 5
Korean Northeastern,,,Item 5
Korean Northwest,,,Item 5
Korean Southeastern,32.0,0.0,Item 5
Korean Southern,,,Item 5
Korean Southwest,,,Item 5
Korean Southwest OC,,,Item 5
Lowcountry Presbytery,34.0,0.0,Item 5
Metro Atlanta,,,Item 5
Metropolitan New York,2.0,26.0,Item 5
Mississippi Valley,85.0,0.0,Item 5
Missouri,,,Item 5
Nashville,70.0,3.0,Item 5
New Jersey,21.0,0.0,Item 5
New River,1.0,0.0,Item 5
New York State,,,Item 5
North Florida,,,Item 5
North Texas,,,Item 5
Northern California,,,Item 5
Northern Illinois,21.0,6.0,Item 5
Northern New England,,,Item 5
Northwest Georgia,42.0,0.0,Item 5
Ohio,18.0,0.0,Item 5
Ohio Valley,37.0,0.0,Item 5
Pacific,,,Item 5
Pacific Northwest,37.0,14.0,Item 5
Palmetto,67.0,4.0,Item 5
Pee Dee,38.0,0.0,Item 5
Philadelphia,,,Item 5
Philadelphia Metro West,,,Item 5
Piedmont Triad,34.0,7.0,Item 5
Pittsburgh,,,Item 5
Platte Valley,9.0,12.0,Item 5
Potomac,,,Item 5
Providence,52.0,3.0,Item 5
Rio Grande,,,Item 5
Rocky Mountain,,,Item 5
Savannah River,27.0,10.0,Item 5
Siouxlands,,,Item 5
South Coast,,,Item 5
South Florida,,,Item 5
South Texas,52.0,0.0,Item 5
Southeast Alabama,42.0,0.0,Item 5
Southern Louisiana,14.0,5.0,Item 5
Southern New England,,,Item 5
Southwest Florida,59.0,2.0,Item 5
Suncoast Florida,,,Item 5
Susquehanna Valley,46.0,11.0,Item 5
Tennessee Valley,1.0,0.0,Item 5
Tidewater,,,Item 5
Warrior,,,Item 5
West Hudson,23.0,1.0,Item 5
Westminster,27.0,1.0,Item 5
Wisconsin,18.0,8.0,Item 5
Arizona,31.0,0.0,Item 6
Ascension,35.0,0.0,Item 6
Blue Ridge,,,Item 6
Calvary,,,Item 6
Canada West,26.0,0.0,Item 6
Catawba Valley,,,Item 6
Central Carolina,48.0,3.0,Item 6
Central Florida,61.0,0.0,Item 6
Central Georgia,,,Item 6
Central Indiana,,,Item 6
Chesapeake,,,Item 6
Chicago Metro,43.0,0.0,Item 6
Columbus Metro,,,Item 6
Covenant,5.0,74.0,Item 6
Eastern Canada,,,Item 6
Eastern Carolina,,,Item 6
Eastern Pennsylvania,27.0,0.0,Item 6
Evangel,,,Item 6
Fellowship,,,Item 6
Georgia Foothills,,,Item 6
Grace,37.0,0.0,Item 6
Great Lakes,46.0,1.0,Item 6
Gulf Coast,37.0,0.0,Item 6
Gulfstream,35.0,0.0,Item 6
Heartland,,,Item 6
Heritage,,,Item 6
Highlands,36.0,17.0,Item 6
Hills and Plains,,,Item 6
Houston Metro,50.0,0.0,Item 6
Illiana,16.0,0.0,Item 6
Iowa,,,Item 6
James River,77.0,0.0,Item 6
Korean Capital,,,Item 6
Korean Central,,,Item 6
Korean Eastern,,,Item 6
Korean Northeastern,,,Item 6
Korean Northwest,,,Item 6
Korean Southeastern,,,Item 6
Korean Southern,,,Item 6
Korean Southwest,,,Item 6
Korean Southwest OC,,,Item 6
Lowcountry Presbytery,34.0,0.0,Item 6
Metro Atlanta,,,Item 6
Metropolitan New York,32.0,0.0,Item 6
Mississippi Valley,85.0,0.0,Item 6
Missouri,,,Item 6
Nashville,,,Item 6
New Jersey,20.0,0.0,Item 6
New River,1.0,0.0,Item 6
New York State,,,Item 6
North Florida,23.0,0.0,Item 6
North Texas,,,Item 6
Northern California,,,Item 6
Northern Illinois,30.0,0.0,Item 6
Northern New England,,,Item 6
Northwest Georgia,33.0,6.0,Item 6
Ohio,16.0,0.0,Item 6
Ohio Valley,39.0,0.0,Item 6
Pacific,,,Item 6
Pacific Northwest,40.0,4.0,Item 6
Palmetto,70.0,0.0,Item 6
Pee Dee,37.0,0.0,Item 6
Philadelphia,,,Item 6
Philadelphia Metro West,,,Item 6
Piedmont Triad,39.0,0.0,Item 6
Pittsburgh,,,Item 6
Platte Valley,22.0,0.0,Item 6
Potomac,,,Item 6
Providence,51.0,0.0,Item 6
Rio Grande,,,Item 6
Rocky Mountain,,,Item 6
Savannah River,37.0,1.0,Item 6
Siouxlands,,,Item 6
South Coast,,,Item 6
South Florida,,,Item 6
South Texas,50.0,1.0,Item 6
Southeast Alabama,42.0,0.0,Item 6
Southern Louisiana,25.0,0.0,Item 6
Southern New England,,,Item 6
Southwest Florida,64.0,0.0,Item 6
Suncoast Florida,,,Item 6
Susquehanna Valley,24.0,19.0,Item 6
Tennessee Valley,1.0,0.0,Item 6
Tidewater,,,Item 6
Warrior,,,Item 6
West Hudson,1.0,0.0,Item 6
Westminster,30.0,0.0,Item 6
Wisconsin,31.0,1.0,Item 6
Arizona,34.0,1.0,Item 7
Ascension,22.0,5.0,Item 7
Blue Ridge,,,Item 7
Calvary,,,Item 7
Canada West,25.0,0.0,Item 7
Catawba Valley,,,Item 7
Central Carolina,49.0,2.0,Item 7
Central Florida,61.0,0.0,Item 7
Central Georgia,,,Item 7
Central Indiana,,,Item 7
Chesapeake,,,Item 7
Chicago Metro,43.0,1.0,Item 7
Columbus Metro,,,Item 7
Covenant,15.0,62.0,Item 7
Eastern Canada,,,Item 7
Eastern Carolina,,,Item 7
Eastern Pennsylvania,17.0,6.0,Item 7
Evangel,,,Item 7
Fellowship,,,Item 7
Georgia Foothills,,,Item 7
Grace,13.0,27.0,Item 7
Great Lakes,52.0,2.0,Item 7
Gulf Coast,27.0,10.0,Item 7
Gulfstream,35.0,0.0,Item 7
Heartland,,,Item 7
Heritage,,,Item 7
Highlands,16.0,35.0,Item 7
Hills and Plains,,,Item 7
Houston Metro,37.0,12.0,Item 7
Illiana,15.0,0.0,Item 7
Iowa,,,Item 7
James River,40.0,39.0,Item 7
Korean Capital,,,Item 7
Korean Central,,,Item 7
Korean Eastern,,,Item 7
Korean Northeastern,,,Item 7
Korean Northwest,,,Item 7
Korean Southeastern,,,Item 7
Korean Southern,,,Item 7
Korean Southwest,,,Item 7
Korean Southwest OC,,,Item 7
Lowcountry Presbytery,13.0,15.0,Item 7
Metro Atlanta,,,Item 7
Metropolitan New York,2.0,21.0,Item 7
Mississippi Valley,80.0,5.0,Item 7
Missouri,,,Item 7
Nashville,,,Item 7
New Jersey,21.0,0.0,Item 7
New River,4.0,6.0,Item 7
New York State,,,Item 7
North Florida,25.0,1.0,Item 7
North Texas,,,Item 7
Northern California,,,Item 7
Northern Illinois,2.0,26.0,Item 7
Northern New England,,,Item 7
Northwest Georgia,23.0,12.0,Item 7
Ohio,14.0,3.0,Item 7
Ohio Valley,28.0,9.0,Item 7
Pacific,,,Item 7
Pacific Northwest,21.0,25.0,Item 7
Palmetto,28.0,36.0,Item 7
Pee Dee,7.0,31.0,Item 7
Philadelphia,,,Item 7
Philadelphia Metro West,,,Item 7
Piedmont Triad,16.0,20.0,Item 7
Pittsburgh,,,Item 7
Platte Valley,5.0,10.0,Item 7
Potomac,7.0,37.0,Item 7
Providence,43.0,8.0,Item 7
Rio Grande,,,Item 7
Rocky Mountain,,,Item 7
Savannah River,22.0,17.0,Item 7
Siouxlands,,,Item 7
South Coast,,,Item 7
South Florida,,,Item 7
South Texas,6.0,43.0,Item 7
Southeast Alabama,42.0,1.0,Item 7
Southern Louisiana,1.0,17.0,Item 7
Southern New England,,,Item 7
Southwest Florida,4.0,54.0,Item 7
Suncoast Florida,,,Item 7
Susquehanna Valley,29.0,14.0,Item 7
Tennessee Valley,34.0,25.0,Item 7
Tidewater,,,Item 7
Warrior,,,Item 7
West Hudson,1.0,0.0,Item 7
Westminster,6.0,22.0,Item 7
Wisconsin,25.0,1.0,Item 7
Arizona,31.0,0.0,Item 8
Ascension,35.0,0.0,Item 8
Blue Ridge,,,Item 8
Calvary,,,Item 8
Canada West,25.0,0.0,Item 8
Catawba Valley,,,Item 8
Central Carolina,51.0,0.0,Item 8
Central Florida,61.0,0.0,Item 8
Central Georgia,,,Item 8
Central Indiana,,,Item 8
Chesapeake,,,Item 8
Chicago Metro,43.0,0.0,Item 8
Columbus Metro,,,Item 8
Covenant,73.0,1.0,Item 8
Eastern Canada,,,Item 8
Eastern Carolina,,,Item 8
Eastern Pennsylvania,24.0,1.0,Item 8
Evangel,,,Item 8
Fellowship,,,Item 8
Georgia Foothills,,,Item 8
Grace,41.0,0.0,Item 8
Great Lakes,46.0,1.0,Item 8
Gulf Coast,37.0,0.0,Item 8
Gulfstream,35.0,0.0,Item 8
Heartland,,,Item 8
Heritage,,,Item 8
Highlands,55.0,0.0,Item 8
Hills and Plains,,,Item 8
Houston Metro,50.0,0.0,Item 8
Illiana,16.0,0.0,Item 8
Iowa,,,Item 8
James River,13.0,61.0,Item 8
Korean Capital,,,Item 8
Korean Central,,,Item 8
Korean Eastern,,,Item 8
Korean Northeastern,,,Item 8
Korean Northwest,,,Item 8
Korean Southeastern,,,Item 8
Korean Southern,,,Item 8
Korean Southwest,,,Item 8
Korean Southwest OC,,,Item 8
Lowcountry Presbytery,34.0,0.0,Item 8
Metro Atlanta,,,Item 8
Metropolitan New York,32.0,0.0,Item 8
Mississippi Valley,86.0,0.0,Item 8
Missouri,,,Item 8
Nashville,,,Item 8
New Jersey,21.0,0.0,Item 8
New River,1.0,0.0,Item 8
New York State,,,Item 8
North Florida,25.0,0.0,Item 8
North Texas,,,Item 8
Northern California,,,Item 8
Northern Illinois,28.0,0.0,Item 8
Northern New England,,,Item 8
Northwest Georgia,33.0,0.0,Item 8
Ohio,16.0,0.0,Item 8
Ohio Valley,37.0,1.0,Item 8
Pacific,,,Item 8
Pacific Northwest,46.0,0.0,Item 8
Palmetto,65.0,3.0,Item 8
Pee Dee,33.0,2.0,Item 8
Philadelphia,,,Item 8
Philadelphia Metro West,,,Item 8
Piedmont Triad,40.0,0.0,Item 8
Pittsburgh,,,Item 8
Platte Valley,22.0,0.0,Item 8
Potomac,,,Item 8
Providence,51.0,0.0,Item 8
Rio Grande,,,Item 8
Rocky Mountain,,,Item 8
Savannah River,38.0,0.0,Item 8
Siouxlands,,,Item 8
South Coast,,,Item 8
South Florida,,,Item 8
South Texas,47.0,4.0,Item 8
Southeast Alabama,23.0,15.0,Item 8
Southern Louisiana,21.0,0.0,Item 8
Southern New England,,,Item 8
Southwest Florida,57.0,2.0,Item 8
Suncoast Florida,,,Item 8
Susquehanna Valley,51.0,1.0,Item 8
Tennessee Valley,1.0,0.0,Item 8
Tidewater,,,Item 8
Warrior,,,Item 8
West Hudson,1.0,0.0,Item 8
Westminster,2.0,26.0,Item 8
Wisconsin,27.0,0.0,Item 8
Arizona,31.0,0.0,Item 9
Ascension,34.0,1.0,Item 9
Blue Ridge,,,Item 9
Calvary,,,Item 9
Canada West,1.0,0.0,Item 9
Catawba Valley,,,Item 9
Central Carolina,51.0,0.0,Item 9
Central Florida,61.0,0.0,Item 9
Central Georgia,,,Item 9
Central Indiana,,,Item 9
Chesapeake,,,Item 9
Chicago Metro,43.0,0.0,Item 9
Columbus Metro,,,Item 9
Covenant,74.0,5.0,Item 9
Eastern Canada,,,Item 9
Eastern Carolina,,,Item 9
Eastern Pennsylvania,26.0,0.0,Item 9
Evangel,,,Item 9
Fellowship,,,Item 9
Georgia Foothills,,,Item 9
Grace,43.0,0.0,Item 9
Great Lakes,46.0,1.0,Item 9
Gulf Coast,37.0,0.0,Item 9
Gulfstream,35.0,0.0,Item 9
Heartland,,,Item 9
Heritage,,,Item 9
Highlands,55.0,0.0,Item 9
Hills and Plains,,,Item 9
Houston Metro,50.0,0.0,Item 9
Illiana,16.0,0.0,Item 9
Iowa,,,Item 9
James River,77.0,0.0,Item 9
Korean Capital,,,Item 9
Korean Central,,,Item 9
Korean Eastern,,,Item 9
Korean Northeastern,,,Item 9
Korean Northwest,,,Item 9
Korean Southeastern,,,Item 9
Korean Southern,,,Item 9
Korean Southwest,,,Item 9
Korean Southwest OC,,,Item 9
Lowcountry Presbytery,34.0,0.0,Item 9
Metro Atlanta,,,Item 9
Metropolitan New York,32.0,0.0,Item 9
Mississippi Valley,85.0,0.0,Item 9
Missouri,,,Item 9
Nashville,69.0,0.0,Item 9
New Jersey,21.0,0.0,Item 9
New River,1.0,0.0,Item 9
New York State,,,Item 9
North Florida,27.0,0.0,Item 9
North Texas,,,Item 9
Northern California,,,Item 9
Northern Illinois,29.0,0.0,Item 9
Northern New England,,,Item 9
Northwest Georgia,40.0,0.0,Item 9
Ohio,17.0,0.0,Item 9
Ohio Valley,,,Item 9
Pacific,,,Item 9
Pacific Northwest,46.0,0.0,Item 9
Palmetto,68.0,0.0,Item 9
Pee Dee,40.0,0.0,Item 9
Philadelphia,,,Item 9
Philadelphia Metro West,,,Item 9
Piedmont Triad,39.0,0.0,Item 9
Pittsburgh,,,Item 9
Platte Valley,22.0,0.0,Item 9
Potomac,,,Item 9
Providence,51.0,0.0,Item 9
Rio Grande,,,Item 9
Rocky Mountain,,,Item 9
Savannah River,39.0,0.0,Item 9
Siouxlands,,,Item 9
South Coast,,,Item 9
South Florida,,,Item 9
South Texas,50.0,1.0,Item 9
Southeast Alabama,42.0,0.0,Item 9
Southern Louisiana,21.0,0.0,Item 9
Southern New England,,,Item 9
Southwest Florida,59.0,0.0,Item 9
Suncoast Florida,,,Item 9
Susquehanna Valley,52.0,1.0,Item 9
Tennessee Valley,1.0,0.0,Item 9
Tidewater,,,Item 9
Warrior,,,Item 9
West Hudson,1.0,0.0,Item 9
Westminster,30.0,0.0,Item 9
Wisconsin,31.0,1.0,Item 9
Arizona,31.0,0.0,Item 10
Ascension,32.0,1.0,Item 10
Blue Ridge,,,Item 10
Calvary,,,Item 10
Canada West,1.0,0.0,Item 10
Catawba Valley,,,Item 10
Central Carolina,50.0,0.0,Item 10
Central Florida,61.0,0.0,Item 10
Central Georgia,,,Item 10
Central Indiana,,,Item 10
Chesapeake,,,Item 10
Chicago Metro,42.0,0.0,Item 10
Columbus Metro,,,Item 10
Covenant,83.0,1.0,Item 10
Eastern Canada,,,Item 10
Eastern Carolina,,,Item 10
Eastern Pennsylvania,26.0,0.0,Item 10
Evangel,,,Item 10
Fellowship,,,Item 10
Georgia Foothills,,,Item 10
Grace,46.0,0.0,Item 10
Great Lakes,46.0,1.0,Item 10
Gulf Coast,37.0,0.0,Item 10
Gulfstream,35.0,0.0,Item 10
Heartland,,,Item 10
Heritage,,,Item 10
Highlands,52.0,1.0,Item 10
Hills and Plains,,,Item 10
Houston Metro,50.0,0.0,Item 10
Illiana,16.0,0.0,Item 10
Iowa,,,Item 10
James River,77.0,0.0,Item 10
Korean Capital,,,Item 10
Korean Central,,,Item 10
Korean Eastern,,,Item 10
Korean Northeastern,,,Item 10
Korean Northwest,,,Item 10
Korean Southeastern,,,Item 10
Korean Southern,,,Item 10
Korean Southwest,,,Item 10
Korean Southwest OC,,,Item 10
Lowcountry Presbytery,34.0,0.0,Item 10
Metro Atlanta,,,Item 10
Metropolitan New York,32.0,0.0,Item 10
Mississippi Valley,84.0,0.0,Item 10
Missouri,,,Item 10
Nashville,72.0,0.0,Item 10
New Jersey,21.0,0.0,Item 10
New River,1.0,0.0,Item 10
New York State,,,Item 10
North Florida,25.0,1.0,Item 10
North Texas,,,Item 10
Northern California,,,Item 10
Northern Illinois,29.0,0.0,Item 10
Northern New England,,,Item 10
Northwest Georgia,38.0,0.0,Item 10
Ohio,17.0,0.0,Item 10
Ohio Valley,,,Item 10
Pacific,,,Item 10
Pacific Northwest,46.0,0.0,Item 10
Palmetto,67.0,0.0,Item 10
Pee Dee,38.0,1.0,Item 10
Philadelphia,,,Item 10
Philadelphia Metro West,,,Item 10
Piedmont Triad,37.0,0.0,Item 10
Pittsburgh,,,Item 10
Platte Valley,22.0,0.0,Item 10
Potomac,,,Item 10
Providence,51.0,0.0,Item 10
Rio Grande,,,Item 10
Rocky Mountain,,,Item 10
Savannah River,40.0,0.0,Item 10
Siouxlands,,,Item 10
South Coast,,,Item 10
South Florida,,,Item 10
South Texas,50.0,1.0,Item 10
Southeast Alabama,42.0,0.0,Item 10
Southern Louisiana,19.0,0.0,Item 10
Southern New England,,,Item 10
Southwest Florida,57.0,0.0,Item 10
Suncoast Florida,,,Item 10
Susquehanna Valley,45.0,8.0,Item 10
Tennessee Valley,1.0,0.0,Item 10
Tidewater,,,Item 10
Warrior,,,Item 10
West Hudson,1.0,0.0,Item 10
Westminster,29.0,0.0,Item 10
Wisconsin,31.0,1.0,Item 10
Arizona,31.0,0.0,Item 11
Ascension,35.0,0.0,Item 11
Blue Ridge,,,Item 11
Calvary,,,Item 11
Canada West,1.0,0.0,Item 11
Catawba Valley,,,Item 11
Central Carolina,6.0,45.0,Item 11
Central Florida,61.0,0.0,Item 11
Central Georgia,,,Item 11
Central Indiana,,,Item 11
Chesapeake,,,Item 11
Chicago Metro,43.0,0.0,Item 11
Columbus Metro,,,Item 11
Covenant,64.0,11.0,Item 11
Eastern Canada,,,Item 11
Eastern Carolina,,,Item 11
Eastern Pennsylvania,27.0,0.0,Item 11
Evangel,,,Item 11
Fellowship,,,Item 11
Georgia Foothills,,,Item 11
Grace,40.0,0.0,Item 11
Great Lakes,46.0,1.0,Item 11
Gulf Coast,37.0,0.0,Item 11
Gulfstream,35.0,0.0,Item 11
Heartland,,,Item 11
Heritage,,,Item 11
Highlands,48.0,2.0,Item 11
Hills and Plains,,,Item 11
Houston Metro,50.0,0.0,Item 11
Illiana,16.0,0.0,Item 11
Iowa,,,Item 11
James River,77.0,0.0,Item 11
Korean Capital,,,Item 11
Korean Central,,,Item 11
Korean Eastern,,,Item 11
Korean Northeastern,,,Item 11
Korean Northwest,,,Item 11
Korean Southeastern,,,Item 11
Korean Southern,,,Item 11
Korean Southwest,,,Item 11
Korean Southwest OC,,,Item 11
Lowcountry Presbytery,34.0,0.0,Item 11
Metro Atlanta,,,Item 11
Metropolitan New York,32.0,0.0,Item 11
Mississippi Valley,85.0,0.0,Item 11
Missouri,,,Item 11
Nashville,,,Item 11
New Jersey,21.0,0.0,Item 11
New River,1.0,0.0,Item 11
New York State,,,Item 11
North Florida,24.0,0.0,Item 11
North Texas,,,Item 11
Northern California,,,Item 11
Northern Illinois,29.0,0.0,Item 11
Northern New England,,,Item 11
Northwest Georgia,33.0,2.0,Item 11
Ohio,14.0,0.0,Item 11
Ohio Valley,,,Item 11
Pacific,,,Item 11
Pacific Northwest,40.0,4.0,Item 11
Palmetto,71.0,0.0,Item 11
Pee Dee,35.0,2.0,Item 11
Philadelphia,,,Item 11
Philadelphia Metro West,,,Item 11
Piedmont Triad,40.0,0.0,Item 11
Pittsburgh,,,Item 11
Platte Valley,7.0,13.0,Item 11
Potomac,,,Item 11
Providence,51.0,0.0,Item 11
Rio Grande,,,Item 11
Rocky Mountain,,,Item 11
Savannah River,38.0,1.0,Item 11
Siouxlands,,,Item 11
South Coast,,,Item 11
South Florida,,,Item 11
South Texas,50.0,1.0,Item 11
Southeast Alabama,42.0,0.0,Item 11
Southern Louisiana,19.0,0.0,Item 11
Southern New England,,,Item 11
Southwest Florida,60.0,0.0,Item 11
Suncoast Florida,,,Item 11
Susquehanna Valley,26.0,21.0,Item 11
Tennessee Valley,1.0,0.0,Item 11
Tidewater,,,Item 11
Warrior,,,Item 11
West Hudson,1.0,0.0,Item 11
Westminster,29.0,1.0,Item 11
Wisconsin,31.0,1.0,Item 11
Arizona,31.0,0.0,Item 12
Ascension,35.0,0.0,Item 12
Blue Ridge,,,Item 12
Calvary,,,Item 12
Canada West,1.0,0.0,Item 12
Catawba Valley,,,Item 12
Central Carolina,46.0,0.0,Item 12
Central Florida,61.0,0.0,Item 12
Central Georgia,,,Item 12
Central Indiana,,,Item 12
Chesapeake,,,Item 12
Chicago Metro,43.0,0.0,Item 12
Columbus Metro,,,Item 12
Covenant,78.0,1.0,Item 12
Eastern Canada,,,Item 12
Eastern Carolina,,,Item 12
Eastern Pennsylvania,26.0,0.0,Item 12
Evangel,,,Item 12
Fellowship,,,Item 12
Georgia Foothills,,,Item 12
Grace,45.0,0.0,Item 12
Great Lakes,46.0,1.0,Item 12
Gulf Coast,37.0,0.0,Item 12
Gulfstream,35.0,0.0,Item 12
Heartland,,,Item 12
Heritage,,,Item 12
Highlands,40.0,10.0,Item 12
Hills and Plains,,,Item 12
Houston Metro,50.0,0.0,Item 12
Illiana,16.0,0.0,Item 12
Iowa,,,Item 12
James River,77.0,0.0,Item 12
Korean Capital,,,Item 12
Korean Central,,,Item 12
Korean Eastern,,,Item 12
Korean Northeastern,,,Item 12
Korean Northwest,,,Item 12
Korean Southeastern,,,Item 12
Korean Southern,,,Item 12
Korean Southwest,,,Item 12
Korean Southwest OC,,,Item 12
Lowcountry Presbytery,34.0,0.0,Item 12
Metro Atlanta,,,Item 12
Metropolitan New York,32.0,0.0,Item 12
Mississippi Valley,86.0,0.0,Item 12
Missouri,,,Item 12
Nashville,,,Item 12
New Jersey,21.0,0.0,Item 12
New River,1.0,0.0,Item 12
New York State,,,Item 12
North Florida,25.0,0.0,Item 12
North Texas,,,Item 12
Northern California,,,Item 12
Northern Illinois,29.0,0.0,Item 12
Northern New England,,,Item 12
Northwest Georgia,38.0,1.0,Item 12
Ohio,2.0,16.0,Item 12
Ohio Valley,,,Item 12
Pacific,,,Item 12
Pacific Northwest,46.0,0.0,Item 12
Palmetto,70.0,0.0,Item 12
Pee Dee,37.0,0.0,Item 12
Philadelphia,,,Item 12
Philadelphia Metro West,,,Item 12
Piedmont Triad,40.0,0.0,Item 12
Pittsburgh,,,Item 12
Platte Valley,14.0,3.0,Item 12
Potomac,51.0,0.0,Item 12
Providence,51.0,0.0,Item 12
Rio Grande,,,Item 12
Rocky Mountain,,,Item 12
Savannah River,36.0,2.0,Item 12
Siouxlands,,,Item 12
South Coast,,,Item 12
South Florida,,,Item 12
South Texas,48.0,5.0,Item 12
Southeast Alabama,42.0,0.0,Item 12
Southern Louisiana,19.0,0.0,Item 12
Southern New England,,,Item 12
Southwest Florida,21.0,27.0,Item 12
Suncoast Florida,,,Item 12
Susquehanna Valley,46.0,5.0,Item 12
Tennessee Valley,1.0,0.0,Item 12
Tidewater,,,Item 12
Warrior,,,Item 12
West Hudson,1.0,0.0,Item 12
Westminster,30.0,0.0,Item 12
Wisconsin,31.0,1.0,Item 12
